<?xml version="1.0"?>
<extension key="org.project60.bic" type="module">
  <file>bic</file>
  <name>Little BIC extension</name>
  <description>Generates and maintains a list of banks</description>
  <license>APGLv3</license>
  <maintainer>
    <author>B. Endres</author>
    <email>endres@systopia.de</email>
  </maintainer>
  <releaseDate></releaseDate>
  <version>1.5-dev</version>
  <develStage></develStage>
  <urls>
    <url desc="Main Extension Page">https://github.com/Project60/org.project60.bic</url>
    <url desc="Documentation">https://github.com/Project60/org.project60.bic/blob/master/README.md</url>
    <url desc="Support">https://github.com/Project60/org.project60.bic/issues/new</url>
  </urls>
  <compatibility>
    <ver>4.7</ver>
    <ver>5.13</ver>
  </compatibility>
  <comments>Developed by Carlos Capote and Björn Endres</comments>
  <civix>
    <namespace>CRM/Bic</namespace>
  </civix>
  <classloader>
    <psr4 prefix="Civi\" path="Civi" />
  </classloader>
</extension>
