<?xml version="1.0"?>
<menu>
  <item>
    <path>civicrm/bicImport</path>
    <page_callback>CRM_Bic_Page_Config</page_callback>
    <title>Import Bank Lists</title>
    <access_arguments>administer CiviCRM</access_arguments>
    <adminGroup>CiviContribute</adminGroup>
    <icon>admin/small/online_contribution_pages.png</icon>
  </item>
  <item>
    <path>civicrm/bicList</path>
    <page_callback>CRM_Bic_Page_BicList</page_callback>
    <title>Find Banks</title>
    <access_arguments>access CiviContribute</access_arguments>
  </item>
</menu>
